888202515573088257,"[{'code': 144, 'message': 'No status found with that ID.'}]"
873697596434513921,"[{'code': 144, 'message': 'No status found with that ID.'}]"
872668790621863937,"[{'code': 144, 'message': 'No status found with that ID.'}]"
872261713294495745,"[{'code': 144, 'message': 'No status found with that ID.'}]"
869988702071779329,"[{'code': 144, 'message': 'No status found with that ID.'}]"
866816280283807744,"[{'code': 144, 'message': 'No status found with that ID.'}]"
861769973181624320,"[{'code': 144, 'message': 'No status found with that ID.'}]"
856602993587888130,"[{'code': 144, 'message': 'No status found with that ID.'}]"
851953902622658560,"[{'code': 144, 'message': 'No status found with that ID.'}]"
845459076796616705,"[{'code': 144, 'message': 'No status found with that ID.'}]"
844704788403113984,"[{'code': 144, 'message': 'No status found with that ID.'}]"
842892208864923648,"[{'code': 144, 'message': 'No status found with that ID.'}]"
837366284874571778,"[{'code': 144, 'message': 'No status found with that ID.'}]"
837012587749474308,"[{'code': 144, 'message': 'No status found with that ID.'}]"
829374341691346946,"[{'code': 144, 'message': 'No status found with that ID.'}]"
827228250799742977,"[{'code': 144, 'message': 'No status found with that ID.'}]"
812747805718642688,"[{'code': 144, 'message': 'No status found with that ID.'}]"
802247111496568832,"[{'code': 144, 'message': 'No status found with that ID.'}]"
779123168116150273,"[{'code': 144, 'message': 'No status found with that ID.'}]"
775096608509886464,"[{'code': 144, 'message': 'No status found with that ID.'}]"
770743923962707968,"[{'code': 144, 'message': 'No status found with that ID.'}]"
754011816964026368,"[{'code': 144, 'message': 'No status found with that ID.'}]"
680055455951884288,"[{'code': 144, 'message': 'No status found with that ID.'}]"
